Name,Download
-,-
No Pylon Restrictions,[tModLoader Workshop](https://steamcommunity.com/sharedfiles/filedetails/?id=2812377597)
Endless Potions,[tModLoader Workshop](https://steamcommunity.com/sharedfiles/filedetails/?id=2831280683)
Friendly NPCs Don't Die,[tModLoader Workshop](https://steamcommunity.com/sharedfiles/filedetails/?id=2729987636)
Change Sleep Time,[tModLoader Workshop](https://steamcommunity.com/sharedfiles/filedetails/?id=3014137690)
Recipe Browser,[tModLoader Workshop](https://steamcommunity.com/sharedfiles/filedetails/?id=2619954303)
Concise Mods List,[tModLoader Workshop](https://steamcommunity.com/sharedfiles/filedetails/?id=3001692619)
Teleport All NPC Home,[tModLoader Workshop](https://steamcommunity.com/sharedfiles/filedetails/?id=2789237440)
Vanilla+ QoL,[tModLoader Workshop](https://steamcommunity.com/sharedfiles/filedetails/?id=3086919933)
absoluteAquarian Utilities (SerousCommonLib),[tModLoader Workshop](https://steamcommunity.com/sharedfiles/filedetails/?id=2908170107)
Magic Storage Starter Bag,[tModLoader Workshop](https://steamcommunity.com/sharedfiles/filedetails/?id=3281576339)
Magic Storage,[tModLoader Workshop](https://steamcommunity.com/sharedfiles/filedetails/?id=2563309347)
Calamity Mod,[tModLoader Workshop](https://steamcommunity.com/sharedfiles/filedetails/?id=2824688072)
The Clicker Class,[tModLoader Workshop](https://steamcommunity.com/sharedfiles/filedetails/?id=2563277843)
